NAME,,EMAIL ,SECOND EMAIL TO COPY IN 
Fabio Malena,,,cortesia@ristoranteantichemura.it
Pasquale Zivoli,,zivoli@resumesbydana.com, info@prosrl.tv
Domenico Pugliese,,,info@masserialetorri.com
Francesco Soranno,,,info@terrazzemonachile.com
Vito Bianchi,,info@osteriadichichibio.it,info@osteriadichichibio.it
Anna Mastronardi,,metalricicla@tiscali.it,
Francesco De Donato ,,francesco.dedonato@dinja.it, gianfranco.sanseverino@dinja.it
Michele Gravina,,,cfgsrlbari@libero.it
Giovanni Ivone,,lacasadelmojitoclub@libero.it,club@lacasadelmojito.com
Vito Piscopo,,,piscopocarburanti@libero.it
Antonio Fusco,,,rutasrl@connection.it
Francesco Saulle,,francesco@saulleimpianti.it,info@saulleimpianti.it
Egizio De Tullio,,,info@paganofiori.com
Pino Posa,,pino.posa@crifo.it, info@cantinadiruvodipuglia.it
Giuseppe Lovino,,amministrazione@lovinocostruzioni.it,info@lovinocostruzioni.it
Giovanni Calasso,,,info@ipcartsrl.com
Michelangelo Paparella,,m.paparella@paparellalogistica.it,
Gabriella Caldarola,,,commerciale@elcab.it
Francesco Cantatore,,eurocoopruvodip@libero.it,postmaster@eurocoop-sca.it
,,347 939 3986,essellecar@libero.it
Flavio Colaprice,,,info@oliomazzone.com
Marco Cantatore,,,cantatorefruit@libero.it
Ettore Sivo,,,info@sivoettore.it
Antonio Chiarulli,,commerciale@chiarullimoda.com,info@chiarullimoda.com
Paolo Columella,,,pivuerre@gmail.com
Antonio De Girolamo ,,a.degirolamo@grifomultimedia.it,info@grifomultimedia.it
Giuseppe Caldarola,,export@polymerbit.it,info@polymerbit.it
Gaetano Stasi,,stasiserramenti@libero.it, info@stasisrl.it
Giuseppe Cascione,,,info@cascioneinternational.it
Vito De Bari,,,info@dolcefiorepuglia.it
Giacomo Cipriani,,jago_srl@libero.it,info@jagosrl.it
Francesco Cantatore,,,info@canfrasrl.com
Franca Berardi,,direzione@mfcsrl.info,
Marco Fiore,,marco.fiore@leanfa.com,leanfa@leanfa.com
Angelo Di Vittorio,,Amministrazione@fllidivittorio.it,
Roberto Di Modugno,,,arredamentidimodugno@gmail.com
Mauro Minafra,,,info@m2impianti.com
Marco Digiesi,,,info@digmasrl.it
Vincenza Ursi,,info@diagnosticaruvo.it,segreteria@diagnosticaruvo.it
Pagano Francesco,,,info@tecnoalluminiopagano.com
Nico Dello Russo,,nrusso@prodigioimmobiliare.it, info@prodigioimmobiliare.it
Francesco De Palo,,fdepalo@eledia.de,info@eledia.it
Michele Natale,,,amministrazione@officinenatale.com
Stefano Spineli,,,visppetroli@gmail.com
Aurelia Spinelli,,, info@irisdad.it
,,,Info@salatinosrl.it
Giovanni Massaro,,,info@massarogiovanni.com
Filippo Fischietti,,filippo.fischietti@babt.it,info@marfis.it
Angela Polluce,,,info@vimaevents.it
Vita Maria Gigantelli,,vivaifortunato@gmail.com,info@vivaifortunato.it
,,,
Mara Fiorindo,,,info@tubieservizi.com
Giuseppe Forese,,foresesrl@gmail.com, info@foresesrl.it
Gaetano Mondelli,,segreteria@studiomedicomondelli.it/,
Filippo Zeverino,,filippo@rallegrati.it,
Roberto Piscitelli,,,commerciale@medicalcalo.it
Vito GIove,,,burroeformaggi.giovesrl@hotmail.it
Pasquale Giampetruzzi,,,info@giampetruzzisrl.it
Giuseppe Dimauro,,gdimauro@codearchitects.com,info@codearchitects.com
Nicola Gino Paulangelo,,,info@paulangelodesign.com
Angelo Stano,,,nfo@edilstano.it
Giovanni ruscigno,,ruscignosrl@gmail.com,
,,,
Giuseppe Fraccalvieri,,metalgum@metalgum.it,
Francesco Labarile,,impresaedilelabarilesrl@gmail.com,
Corrado Lozitiello,,,edilizialozitiello@gmail.com
Paolo Bellisario,,,info@studioimmaginesrl.com
Wenbin Dong,,,Cityrisparmiosrl@libero.it
Raffaello Digirolamo,,,icqmodi@gmail.com
Giuseppa Vita Maria Giampetruzzi,,medioplast@virgilio.it,080 3022970
Eugenio Leo,,eugenio@lefo.it,info@lefo.it
Anastasia Lazzazzera,,,info@lazazzerasrl.it
"Dario Spinellli, Sergio Frisone",,,frisonespinelliodontoiatri@gmail.com
Domenica Labarile,,incontro1992@gmail.com,3334026202
Tommaso Paulangelo,,artecostruzioni2008@libero.it,328 5476206
Francesco Ciccarone,,francesco@labonext.com,info@labonext.com
Francesca Dimita,,,babystar@scuoledinfanzia.it
Chiarolla Andrea,,,chiarollasrl@libero.it
Beniamino Nocca,,,info@centrovettorimeridionali.com
Pasquale Paparella,,paparella@apuliaplants.it,info@apuliaplants.it
Annamaria Brindicci,,annamariabrindicci@youtube.com,info@annamariabrindicci.it
Giuseppe Giacò,,,info@lbfiori.it
Francesco Cannone,,,costruzionidcsrl@libero.it
Riccardo Campana,,socialwebcampana@gmail.it,servizioclienti@campanaflordecor.it
Oronzo Gesmundo,,,info@gesmundodemolizioni.it
Nicolangelo Fiore,,,operations@fioreviaggi.com
Antonia Rassu,,,info@alfapacksrl.net
Michele Ficco,,,info@autodemolizioni-ficco.it
Giosafatte Mezzina,,,info@puntoexe.eu
Francesco Vendola,,f.vendola@vueffeconsulting.it,info@vueffeconsulting.it
Antonella Colasanto,,antonella.colasanto@benzi.it,podocolgi@libero.it
Tommaso Tempesta,,,deleomassimo@libero.it
Paola Coviello,,,segreteria@sesilsrl.it
Antonio Errico,,,info@design2000srl.it